sequence,length,sense,start,end,distance,percent cds,repeat bases,No of offtarget,off targets,no of match nucleaotides,gc content,score
TTCCACGTGGGAGATTGGAT,20,True,63003,63023,2243,1.0,False,3,"['NG_009557', 'NG_054877', 'NG_047092']","[13, 12, 12]",50.0,1.486104919007282
GCACCATTAGAACCCTCACA,20,True,63025,63045,2243,1.0,False,2,"['NG_008334', 'NG_053000']","[17, 13]",50.0,2.229157378510923
TTAGAACCCTCACAGGTAAC,20,True,63031,63051,2243,0.75,False,2,"['NG_021363', 'NG_047133']","[9, 8]",45.0,1.6718680338831922
GGATTGCATTCCTTTGCTGC,20,True,63158,63178,2340,1.0,False,2,"['NG_017003', 'NG_029710']","[14, 13]",50.0,2.1367521367521367
TTGCTGCGGAAAACACTGAA,20,True,63171,63191,2340,1.0,False,1,['NG_016012'],[12],45.0,4.273504273504273
GTTAGCTTGTACAGCTGTGA,20,True,63215,63235,2340,1.0,False,4,"['NG_021375', 'NG_052890', 'NG_052021', 'NG_012642']","[13, 13, 13, 12]",45.0,1.0683760683760684
GGGTGAGCATAATCTTCTGT,20,True,63235,63255,2340,0.1,False,1,['NG_011814'],[17],45.0,0.42735042735042733
GCAGCAGCTACAGTGAGTTA,20,True,64748,64768,2479,1.0,False,6,"['NG_008838', 'NG_029094', 'NG_030563', 'NG_053171', 'NG_046979', 'NG_041791']","[15, 15, 14, 14, 14, 17]",50.0,0.6723141051499261
CATCGATGTGCTGACTCTGA,20,True,64782,64802,2479,1.0,False,2,"['NG_011654', 'NG_054747']","[18, 12]",50.0,2.016942315449778
TCTGAGGAACAGTTCCTATT,20,True,64797,64817,2479,1.0,False,1,['NG_009164'],[13],40.0,4.033884630899556
